# Toomre contour, halo — iso-density contour enclosing 86.5% of the projected mass
# of the Anguiano et al. (2020) velocity distribution (classifier
# means/dispersions, Table 2 vertex deviation and ellipsoid tilt),
# galactocentric frame.
# Regenerate: cmake --build build --target regenerate_kinematic_contours
# columns: V[km/s],sqrt(U^2+W^2)[km/s]
-192.004,117.340
-190.422,140.805
-188.841,150.984
-187.259,158.975
-185.678,165.826
-184.097,171.943
-182.515,177.534
-180.934,182.723
-179.353,187.592
-177.771,192.195
-176.190,196.575
-174.608,200.763
-173.027,204.781
-171.446,208.649
-169.864,212.383
-168.283,215.995
-166.702,219.495
-165.120,222.894
-163.539,226.197
-161.957,229.412
-160.376,232.545
-158.795,235.600
-157.213,238.581
-155.632,241.493
-154.051,244.339
-152.469,247.123
-150.888,249.845
-149.306,252.511
-147.725,255.120
-146.144,257.677
-144.562,260.181
-142.981,262.636
-141.400,265.042
-139.818,267.402
-138.237,269.716
-136.655,271.985
-135.074,274.212
-133.493,276.396
-131.911,278.540
-130.330,280.643
-128.749,282.707
-127.167,284.732
-125.586,286.720
-124.004,288.670
-122.423,290.585
-120.842,292.464
-119.260,294.307
-117.679,296.117
-116.098,297.892
-114.516,299.635
-112.935,301.344
-111.353,303.021
-109.772,304.667
-108.191,306.280
-106.609,307.863
-105.028,309.416
-103.447,310.938
-101.865,312.430
-100.284,313.893
-98.702,315.327
-97.121,316.732
-95.540,318.108
-93.958,319.457
-92.377,320.777
-90.796,322.070
-89.214,323.336
-87.633,324.575
-86.051,325.787
-84.470,326.973
-82.889,328.132
-81.307,329.266
-79.726,330.373
-78.144,331.456
-76.563,332.512
-74.982,333.544
-73.400,334.551
-71.819,335.533
-70.238,336.490
-68.656,337.423
-67.075,338.332
-65.493,339.217
-63.912,340.078
-62.331,340.915
-60.749,341.728
-59.168,342.519
-57.587,343.286
-56.005,344.029
-54.424,344.750
-52.842,345.448
-51.261,346.123
-49.680,346.775
-48.098,347.405
-46.517,348.013
-44.936,348.598
-43.354,349.161
-41.773,349.701
-40.191,350.220
-38.610,350.717
-37.029,351.192
-35.447,351.645
-33.866,352.076
-32.285,352.486
-30.703,352.874
-29.122,353.240
-27.540,353.585
-25.959,353.909
-24.378,354.211
-22.796,354.492
-21.215,354.752
-19.634,354.991
-18.052,355.208
-16.471,355.404
-14.889,355.579
-13.308,355.733
-11.727,355.866
-10.145,355.978
-8.564,356.069
-6.983,356.139
-5.401,356.188
-3.820,356.215
-2.238,356.222
-0.657,356.208
0.924,356.173
2.506,356.117
4.087,356.040
5.668,355.942
7.250,355.823
8.831,355.683
10.413,355.522
11.994,355.340
13.575,355.137
15.157,354.912
16.738,354.667
18.319,354.400
19.901,354.112
21.482,353.802
23.064,353.472
24.645,353.120
26.226,352.746
27.808,352.351
29.389,351.934
30.970,351.496
32.552,351.036
34.133,350.554
35.715,350.050
37.296,349.525
38.877,348.977
40.459,348.408
42.040,347.816
43.621,347.201
45.203,346.565
46.784,345.905
48.366,345.224
49.947,344.519
51.528,343.791
53.110,343.041
54.691,342.267
56.272,341.471
57.854,340.650
59.435,339.806
61.017,338.939
62.598,338.048
64.179,337.132
65.761,336.193
67.342,335.229
68.923,334.241
70.505,333.228
72.086,332.190
73.668,331.126
75.249,330.038
76.830,328.924
78.412,327.785
79.993,326.619
81.574,325.427
83.156,324.209
84.737,322.964
86.319,321.692
87.900,320.393
89.481,319.067
91.063,317.712
92.644,316.330
94.225,314.919
95.807,313.480
97.388,312.011
98.970,310.513
100.551,308.985
102.132,307.428
103.714,305.839
105.295,304.220
106.876,302.569
108.458,300.887
110.039,299.172
111.621,297.425
113.202,295.644
114.783,293.830
116.365,291.981
117.946,290.097
119.527,288.178
121.109,286.223
122.690,284.230
124.272,282.200
125.853,280.132
127.434,278.024
129.016,275.877
130.597,273.688
132.178,271.458
133.760,269.184
135.341,266.866
136.923,264.503
138.504,262.093
140.085,259.635
141.667,257.127
143.248,254.568
144.829,251.955
146.411,249.287
147.992,246.562
149.574,243.776
151.155,240.928
152.736,238.014
154.318,235.031
155.899,231.974
157.481,228.841
159.062,225.625
160.643,222.321
162.225,218.923
163.806,215.423
165.387,211.812
166.969,208.079
168.550,204.213
170.132,200.197
171.713,196.013
173.294,191.637
174.876,187.038
176.457,182.175
178.038,176.993
179.620,171.411
181.201,165.305
182.783,158.467
184.364,150.492
185.945,140.338
187.527,117.340
187.527,116.755
185.945,95.713
184.364,87.514
182.783,81.492
181.201,76.603
179.620,72.442
178.038,68.801
176.457,65.556
174.876,62.624
173.294,59.950
171.713,57.492
170.132,55.220
168.550,53.107
166.969,51.136
165.387,49.290
163.806,47.556
162.225,45.923
160.643,44.381
159.062,42.923
157.481,41.542
155.899,40.231
154.318,38.985
152.736,37.800
151.155,36.670
149.574,35.594
147.992,34.566
146.411,33.584
144.829,32.645
143.248,31.746
141.667,30.886
140.085,30.061
138.504,29.271
136.923,28.512
135.341,27.784
133.760,27.085
132.178,26.414
130.597,25.768
129.016,25.148
127.434,24.551
125.853,23.976
124.272,23.423
122.690,22.890
121.109,22.377
119.527,21.883
117.946,21.407
116.365,20.948
114.783,20.505
113.202,20.078
111.621,19.666
110.039,19.269
108.458,18.885
106.876,18.515
105.295,18.157
103.714,17.812
102.132,17.479
100.551,17.157
98.970,16.847
97.388,16.546
95.807,16.256
94.225,15.976
92.644,15.705
91.063,15.444
89.481,15.191
87.900,14.946
86.319,14.710
84.737,14.482
83.156,14.262
81.574,14.049
79.993,13.843
78.412,13.644
76.830,13.451
75.249,13.266
73.668,13.086
72.086,12.913
70.505,12.746
68.923,12.584
67.342,12.428
65.761,12.278
64.179,12.132
62.598,11.992
61.017,11.857
59.435,11.727
57.854,11.601
56.272,11.480
54.691,11.363
53.110,11.251
51.528,11.143
49.947,11.039
48.366,10.939
46.784,10.844
45.203,10.752
43.621,10.663
42.040,10.579
40.459,10.498
38.877,10.421
37.296,10.347
35.715,10.276
34.133,10.209
32.552,10.145
30.970,10.085
29.389,10.027
27.808,9.973
26.226,9.922
24.645,9.874
23.064,9.828
21.482,9.786
19.901,9.747
18.319,9.710
16.738,9.676
15.157,9.646
13.575,9.617
11.994,9.592
10.413,9.569
8.831,9.550
7.250,9.532
5.668,9.518
4.087,9.506
2.506,9.497
0.924,9.491
-0.657,9.487
-2.238,9.486
-3.820,9.487
-5.401,9.491
-6.983,9.498
-8.564,9.507
-10.145,9.519
-11.727,9.534
-13.308,9.552
-14.889,9.572
-16.471,9.595
-18.052,9.620
-19.634,9.649
-21.215,9.680
-22.796,9.714
-24.378,9.751
-25.959,9.790
-27.540,9.833
-29.122,9.879
-30.703,9.927
-32.285,9.979
-33.866,10.033
-35.447,10.091
-37.029,10.152
-38.610,10.216
-40.191,10.284
-41.773,10.355
-43.354,10.429
-44.936,10.507
-46.517,10.588
-48.098,10.673
-49.680,10.761
-51.261,10.854
-52.842,10.950
-54.424,11.050
-56.005,11.154
-57.587,11.263
-59.168,11.376
-60.749,11.493
-62.331,11.614
-63.912,11.740
-65.493,11.871
-67.075,12.007
-68.656,12.148
-70.238,12.293
-71.819,12.445
-73.400,12.601
-74.982,12.763
-76.563,12.931
-78.144,13.105
-79.726,13.285
-81.307,13.472
-82.889,13.665
-84.470,13.864
-86.051,14.071
-87.633,14.285
-89.214,14.506
-90.796,14.735
-92.377,14.972
-93.958,15.217
-95.540,15.471
-97.121,15.733
-98.702,16.005
-100.284,16.286
-101.865,16.577
-103.447,16.879
-105.028,17.191
-106.609,17.514
-108.191,17.848
-109.772,18.194
-111.353,18.553
-112.935,18.925
-114.516,19.310
-116.098,19.708
-117.679,20.122
-119.260,20.550
-120.842,20.995
-122.423,21.456
-124.004,21.934
-125.586,22.430
-127.167,22.944
-128.749,23.479
-130.330,24.034
-131.911,24.611
-133.493,25.210
-135.074,25.833
-136.655,26.481
-138.237,27.155
-139.818,27.857
-141.400,28.587
-142.981,29.348
-144.562,30.142
-146.144,30.969
-147.725,31.833
-149.306,32.735
-150.888,33.678
-152.469,34.664
-154.051,35.696
-155.632,36.777
-157.213,37.910
-158.795,39.100
-160.376,40.351
-161.957,41.667
-163.539,43.053
-165.120,44.517
-166.702,46.065
-168.283,47.704
-169.864,49.445
-171.446,51.299
-173.027,53.278
-174.608,55.398
-176.190,57.680
-177.771,60.147
-179.353,62.832
-180.934,65.775
-182.515,69.033
-184.097,72.688
-185.678,76.865
-187.259,81.772
-188.841,87.817
-190.422,96.046
-192.004,117.340
-192.004,117.340
